TRIBE,TRIBE_CODE,LAT,LON,COUNTRY,ISO3,TOTAL_ATLANTIC,TOTAL_INDIAN
ABABDA,"1","23.16180000000","33.70160000000",Egypt,EGY,"0","0"
ABARAMBO,"2","3.70295492914","26.79730000000",Democratic Republic of the Congo,COD,"0","0"
ABE,"3","6.06953083698","-4.26032000000",CÃ¯Â¿Â½te d'Ivoire,CIV,"0","0"
ACHOLI,"4","3.10812146411","32.65680000000",Uganda,UGA,"0","0"
ADAMAWA,"5","7.55609065696","13.18470000000",Nigeria,NGA,"0","0"
ADANGME,"6","6.07685084862","0.27045692167",Ghana,GHA,"10354","0"
ADARAWA,"7","14.40160000000","5.30310348992",Nigeria,NGA,"0","0"
ADELE,"8","8.24428409608","0.67365115230",Togo,TGO,"29","0"
AFAR,"9","12.33480000000","41.39230000000",Ethiopia,ETH,"0","0"
AFO,"10","8.24274895601","8.05948549900",Nigeria,NGA,"0","0"
AFUSARE,"11","9.95871877584","9.18228825545",Nigeria,NGA,"0","0"
AHAGGAREN,"12","23.80350000000","4.22900623631",Algeria,DZA,"0","0"
AJUKRU,"13","5.50535267053","-4.65418000000",CÃ¯Â¿Â½te d'Ivoire,CIV,"0","0"
AKPOSO,"14","7.62490871179","1.14474815394",Togo,TGO,"0","0"
AKYEM,"15","6.43891660729","-0.37515200000",Ghana,GHA,"19114","0"
ALAGYA,"16","-3.15836000000","36.83440000000",United Republic of Tanzania,TZA,"0","0"
ALGERIANS,"17","35.84440000000","2.38898913397",Morocco,MAR,"0","0"
ALUR,"18","2.51517290258","31.22260000000",Uganda,UGA,"0","0"
AMARAR,"19","20.05440000000","36.13220000000",Sudan,SDN,"0","0"
AMBA,"20","0.73324732714","29.68650000000",Uganda,UGA,"1883","0"
AMBO,"21","-17.58620000000","16.03950000000",Namibia,NAM,"388","0"
AMER,"22","17.37740000000","37.83450000000",Eritrea,ERI,"0","0"
AMHARA,"23","12.03540000000","37.69860000000",Ethiopia,ETH,"0","0"
ANA,"24","7.67604591775","1.55839532130",Togo,TGO,"871","0"
ANAG,"25","14.88280000000","30.07140000000",Sudan,SDN,"0","0"
ANGAS,"26","8.80429041274","9.54545249926",Nigeria,NGA,"0","0"
ANTAISAKA,"27","-22.99440000000","47.62180000000",Madagascar,MDG,"2415","2094"
ANTANDROY,"28","-24.94140000000","45.81090000000",Madagascar,MDG,"3725","3229"
ANTESSAR,"29","17.22770000000","-2.43857000000",Mali,MLI,"0","0"
ANUAK,"30","7.66201699421","34.06770000000",Ethiopia,ETH,"0","0"
ANYANG,"31","5.77005259421","9.47273013267",Nigeria,NGA,"9431","0"
ANYI,"32","6.43969353928","-3.24697000000",Ghana,GHA,"0","0"
ARAD,"33","32.91120000000","9.82890665952",Tunisia,TUN,"0","0"
ARAGO,"34","8.16207253258","8.56075077151",Nigeria,NGA,"0","0"
ARI,"35","5.79531391765","-4.59346000000",CÃ¯Â¿Â½te d'Ivoire,CIV,"0","0"
ARUSI,"36","6.92506429739","40.57710000000",Ethiopia,ETH,"0","43"
ASBEN,"37","18.87120000000","8.89818089039",Algeria,DZA,"17","0"
ASHANTI,"38","6.74185039785","-1.45238000000",Ghana,GHA,"388610","0"
ASSINI,"39","5.18010860618","-2.86645000000",Ghana,GHA,"0","0"
ATTA,"40","30.45560000000","-5.01499000000",Morocco,MAR,"0","0"
ATTIE,"41","6.04585748510","-3.73501000000",CÃ¯Â¿Â½te d'Ivoire,CIV,"0","0"
ATYUTI,"42","8.46965130420","0.96384474298",Togo,TGO,"0","0"
AULLIMINDEN,"43","17.10840000000","3.25337185033",Algeria,DZA,"0","0"
AUSHI,"44","-11.15060000000","29.07450000000",Zambia,ZMB,"0","0"
AUYOKAWA,"45","11.78930000000","10.31570000000",Nigeria,NGA,"0","0"
AVATIME,"46","6.73223707161","0.62162126588",Togo,TGO,"0","0"
AVIKAM,"47","5.28743604904","-4.78441000000",CÃ¯Â¿Â½te d'Ivoire,CIV,"4757","0"
AWIYA,"48","10.87760000000","36.93220000000",Ethiopia,ETH,"0","0"
AZANDE,"49","4.57554822616","26.45140000000",South Sudan,SSD,"0","0"
AZJER,"50","26.69510000000","8.74450412530",Libya,LBY,"0","0"
BABUKUR,"51","4.31104207440","29.36580000000",South Sudan,SSD,"0","0"
BABWA,"52","2.49065824662","25.34080000000",Democratic Republic of the Congo,COD,"0","0"
BACHAMA,"53","9.47013917553","11.99180000000",Nigeria,NGA,"0","0"
BAGA,"54","10.38230000000","-14.25260000000",Guinea,GIN,"45","0"
BAGIRMI,"55","11.30210000000","16.40520000000",Chad,TCD,"13","0"
BAHARIYA,"56","27.09860000000","28.22990000000",Egypt,EGY,"0","0"
BAJUN,"57","-1.13974000000","41.75210000000",Somalia,SOM,"0","0"
BAKAKARI,"58","11.38220000000","5.45338771584",Nigeria,NGA,"0","0"
BAKO,"59","5.81759010724","36.49290000000",Ethiopia,ETH,"0","0"
BAKWE,"60","5.27899084681","-6.94432000000",Liberia,LBR,"0","0"
BALANTE,"61","12.32490000000","-15.45160000000",Senegal,SEN,"30099","0"
BAMBARA,"62","13.07600000000","-6.66268000000",Mali,MLI,"223956","0"
BAMILEKE,"63","5.26154613828","10.45370000000",Cameroon,CMR,"753","0"
BANDA,"64","6.71744893987","22.15510000000",South Sudan,SSD,"9","0"
BANGANDU,"65","2.58750516927","15.55180000000",Cameroon,CMR,"0","0"
BANGBA,"66","3.32035766240","28.63370000000",Democratic Republic of the Congo,COD,"118","0"
BANGI,"67","-0.32296000000","16.70470000000",Democratic Republic of the Congo,COD,"0","0"
BANYUN,"68","12.45660000000","-16.07630000000",Senegal,SEN,"44635","0"
BANZA,"69","3.38985038423","20.75800000000",Democratic Republic of the Congo,COD,"0","0"
BANZIRI,"70","4.94405816597","20.22020000000",Democratic Republic of the Congo,COD,"0","0"
BARA,"71","-23.16390000000","45.53150000000",Madagascar,MDG,"13809","11973"
BARABRA,"72","21.03700000000","31.30820000000",Egypt,EGY,"0","0"
BARARETTA,"73","2.17481242742","41.03680000000",Somalia,SOM,"0","85"
BAREA,"74","15.63540000000","37.40960000000",Eritrea,ERI,"0","0"
BARGU,"75","10.44330000000","2.89360231060",Nigeria,NGA,"21708","0"
BARI,"76","4.74360309663","31.72640000000",South Sudan,SSD,"490","0"
BASA,"77","7.93205031057","7.22530905601",Nigeria,NGA,"773","0"
BASARI,"78","9.19652568452","0.79077925959",Togo,TGO,"0","0"
BASHI,"79","-2.47415000000","28.82440000000",Rwanda,RWA,"0","0"
BASILA,"80","9.19177259389","1.83471390423",Benin,BEN,"0","0"
BASSA,"81","6.20614487111","-9.67354000000",Liberia,LBR,"3542","0"
BATA,"82","9.73463774109","13.03460000000",Nigeria,NGA,"0","0"
BATAHIN,"83","16.01640000000","33.85010000000",Sudan,SDN,"0","0"
BATI,"84","3.37771439847","23.55170000000",Democratic Republic of the Congo,COD,"0","0"
BAUCHI,"85","9.88652515678","10.55720000000",Nigeria,NGA,"0","0"
BAULE,"86","7.28524891778","-4.79086000000",CÃ¯Â¿Â½te d'Ivoire,CIV,"0","0"
BAYA,"87","5.58301075886","15.78260000000",Central African Republic,CAF,"0","0"
BEDE,"88","12.79690000000","10.74570000000",Nigeria,NGA,"108","0"
BEDERIA,"89","13.04040000000","30.37410000000",Sudan,SDN,"0","0"
BEMBA,"90","-10.67050000000","31.33670000000",Zambia,ZMB,"0","3045"
BENA,"91","-9.18798000000","35.31090000000",United Republic of Tanzania,TZA,"0","1565"
BENDE,"92","-6.07018000000","30.55890000000",United Republic of Tanzania,TZA,"0","261"
BERABER,"93","32.78430000000","-5.21513000000",Morocco,MAR,"0","0"
BERABISH,"94","19.88570000000","-4.72439000000",Mauritania,MRT,"0","0"
BERGDAMA,"95","-21.84110000000","15.48670000000",Namibia,NAM,"0","0"
BERIBERI,"96","14.20580000000","9.56289492630",Nigeria,NGA,"0","0"
BERTA,"97","10.56560000000","34.84890000000",Ethiopia,ETH,"0","0"
BERTI,"98","14.02690000000","26.60760000000",Sudan,SDN,"0","0"
BETE,"99","6.40940143139","-6.48613000000",CÃ¯Â¿Â½te d'Ivoire,CIV,"273","0"
BETSILEO,"100","-21.22010000000","46.47120000000",Madagascar,MDG,"5599","4855"
BETSIMISARAKA,"101","-17.20770000000","49.24620000000",Madagascar,MDG,"10084","8744"
BIAFADA,"102","11.52960000000","-15.11720000000",Guinea,GIN,"16513","0"
BIDEYAT,"103","19.39540000000","23.73220000000",Egypt,EGY,"0","0"
BIJOGO,"104","11.31590000000","-16.00380000000",Guinea-Bissau,GNB,"8593","0"
BINZA,"105","2.44690132656","24.24340000000",Democratic Republic of the Congo,COD,"0","0"
BIRA,"106","0.93354306286","28.93220000000",Democratic Republic of the Congo,COD,"0","0"
BIRIFON,"107","10.21610000000","-2.81615000000",Ghana,GHA,"0","0"
BIRKED,"108","12.91100000000","25.70110000000",Sudan,SDN,"0","0"
BIROM,"109","9.67518361011","9.03797521073",Nigeria,NGA,"36","0"
BISA,"110","-12.23510000000","31.38920000000",Zambia,ZMB,"563","12180"
BISHARIN,"111","20.14150000000","34.88770000000",Hala'ib triangle,,"0","0"
BOBO,"112","12.43690000000","-3.69546000000",Mali,MLI,"6023","0"
BOFI,"113","3.99516201087","17.56040000000",Central African Republic,CAF,"0","0"
BOGO,"114","15.75130000000","38.45710000000",Eritrea,ERI,"0","0"
BOKI,"115","6.22571641651","9.08688584788",Nigeria,NGA,"36","0"
BOLEWA,"116","11.08180000000","11.29040000000",Nigeria,NGA,"90","0"
BOMITABA,"117","1.91492161187","17.51870000000",Congo,COG,"0","0"
BONDEI,"118","-5.15857000000","38.75840000000",United Republic of Tanzania,TZA,"0","4176"
BONDJO,"119","2.51635712148","18.01520000000",Democratic Republic of the Congo,COD,"0","0"
BONGO,"120","6.83904543961","28.69000000000",South Sudan,SSD,"0","0"
BONI,"121","-1.30593000000","41.01730000000",Somalia,SOM,"0","0"
BORAN,"122","3.28650431723","38.52710000000",Kenya,KEN,"0","52"
BORROM,"123","9.67305494460","10.15120000000",Nigeria,NGA,"0","0"
BOSAKA,"124","-0.69210500000","21.98660000000",Democratic Republic of the Congo,COD,"0","0"
BOZO,"125","14.36740000000","-4.77327000000",Mali,MLI,"0","0"
BRONG,"126","7.95114159119","-2.17049000000",Ghana,GHA,"0","0"
BUA,"127","10.06110000000","18.18390000000",Chad,TCD,"0","0"
BUBI,"128","3.48536177542","8.69629211916",Equatorial Guinea,GNQ,"0","0"
BUDJA,"129","2.59068572473","22.79890000000",Democratic Republic of the Congo,COD,"0","0"
BUDU,"130","2.11638600396","28.12080000000",Democratic Republic of the Congo,COD,"0","0"
BUDUMA,"131","13.52730000000","14.42370000000",Nigeria,NGA,"13","0"
BUEM,"132","7.46989018092","0.63685802326",Togo,TGO,"0","0"
BUILSA,"133","10.47450000000","-1.20059000000",Ghana,GHA,"0","0"
BULGEDA,"134","17.11670000000","17.97300000000",Chad,TCD,"0","0"
BULOM,"135","8.84007727012","-13.03670000000",Sierra Leone,SLE,"2148","0"
BUNDA,"136","-5.07835000000","19.61570000000",Democratic Republic of the Congo,COD,"0","0"
BUNU,"137","8.16312287194","6.06827387822",Nigeria,NGA,"2164","0"
BURA,"138","10.88200000000","12.56850000000",Nigeria,NGA,"0","0"
BURUNGI,"139","-5.10301000000","36.23210000000",United Republic of Tanzania,TZA,"0","0"
BUSA,"140","10.51500000000","4.20238395897",Nigeria,NGA,"18","0"
BUSANSI,"141","11.49970000000","-0.34856300000",Togo,TGO,"0","0"
BUTAWA,"142","11.12740000000","9.11486569868",Nigeria,NGA,"0","0"
BUYE,"143","-5.86110000000","28.14050000000",Democratic Republic of the Congo,COD,"0","6438"
BWAKA,"144","3.54277510206","19.29150000000",Democratic Republic of the Congo,COD,"0","0"
CAPE HOTTENTOT,"145","-33.08870000000","21.89820000000",South Africa,ZAF,"0","0"
CHAAMBA,"146","31.13830000000","5.70154934992",Tunisia,TUN,"0","0"
CHAGA,"147","-3.21442000000","37.45420000000",United Republic of Tanzania,TZA,"0","174"
CHAKOSSI,"148","10.26040000000","0.48552385099",Togo,TGO,"0","0"
CHAMBA,"149","8.38942490971","11.86060000000",Nigeria,NGA,"11718","0"
CHEWA,"150","-14.21120000000","33.35110000000",Zambia,ZMB,"8955","174"
CHIGA,"151","-1.11146000000","29.96430000000",Rwanda,RWA,"0","0"
CHOKWE,"152","-9.65783000000","20.31890000000",Democratic Republic of the Congo,COD,"590","0"
CHOPI,"153","-24.40100000000","34.64450000000",Mozambique,MOZ,"16358","0"
CHUABO,"154","-17.67840000000","36.20910000000",Mozambique,MOZ,"779","0"
COMORIANS,"155","-12.06890000000","43.95970000000",Comoros,COM,"0","0"
CYRENAICANS,"156","32.43280000000","21.62920000000",Libya,LBY,"0","0"
DAFI,"157","12.59600000000","-3.13995000000",Mali,MLI,"235","0"
DAGARI,"158","10.77170000000","-2.56012000000",Ghana,GHA,"2324","0"
DAGOMBA,"159","9.46330804576","-0.16376400000",Togo,TGO,"1459","0"
DAGU,"160","12.36930000000","24.93330000000",Sudan,SDN,"0","0"
DAKA,"161","8.33905642087","11.15120000000",Nigeria,NGA,"0","0"
DAKHLA,"162","25.65300000000","28.97280000000",Egypt,EGY,"0","0"
DAMA,"163","8.82147090801","14.28670000000",Cameroon,CMR,"0","0"
DAN,"164","7.61112437310","-7.67537000000",Guinea,GIN,"313","0"
DARASA,"165","6.59996973351","38.65760000000",Ethiopia,ETH,"0","0"
DARI,"166","8.96962510475","15.02500000000",Chad,TCD,"0","0"
DAZA,"167","15.54760000000","13.26010000000",Niger,NER,"0","0"
DEFORO,"168","14.28090000000","-1.06280000000",Burkina Faso,BFA,"0","0"
DEKAKIRI,"169","11.17750000000","17.26450000000",Chad,TCD,"0","0"
DELIM,"170","21.51580000000","-15.11200000000",Western Sahara,WSA,"0","0"
DENDI,"171","11.98340000000","3.21831324645",Nigeria,NGA,"0","0"
DERA,"172","9.99478048835","12.25070000000",Nigeria,NGA,"0","0"
DIALONKE,"173","11.99950000000","-10.31750000000",Senegal,SEN,"0","0"
DIAN,"174","11.02880000000","-3.43986000000",Burkina Faso,BFA,"157","0"
DIDA,"175","5.58733579577","-5.64321000000",CÃ¯Â¿Â½te d'Ivoire,CIV,"0","0"
DIDINGA,"176","4.37477194532","33.70350000000",Uganda,UGA,"0","0"
DIGO,"177","-4.39497000000","38.95790000000",United Republic of Tanzania,TZA,"0","8700"
DILLING,"178","12.33570000000","30.52200000000",Sudan,SDN,"0","0"
DINKA,"179","8.40800475260","29.40440000000",Abyei,,"0","0"
DIOLA,"180","12.83930000000","-16.40900000000",Senegal,SEN,"473","0"
DIULA,"181","8.97151637163","-4.15205000000",CÃ¯Â¿Â½te d'Ivoire,CIV,"0","0"
DOGON,"182","14.43980000000","-3.21671000000",Mali,MLI,"0","0"
DOROBO,"183","-0.03620040000","35.84100000000",Kenya,KEN,"0","0"
DOROSIE,"184","10.41740000000","-3.82634000000",Burkina Faso,BFA,"0","0"
DRAWA,"185","30.66080000000","-6.36560000000",Morocco,MAR,"0","0"
DUAISH,"186","17.35230000000","-12.14790000000",Mauritania,MRT,"6","0"
DUALA,"187","3.73289804414","9.95348930890",Cameroon,CMR,"5417","0"
DUI-MENIA,"188","30.68200000000","-2.40157000000",Morocco,MAR,"0","0"
DUMA,"189","-1.87220000000","13.16220000000",Gabon,GAB,"1112","0"
DURU,"190","8.09835808415","14.13180000000",Cameroon,CMR,"0","0"
DURUMA,"191","-3.83717000000","39.21160000000",Kenya,KEN,"0","1132"
DZEM,"192","2.67501131474","14.16860000000",Gabon,GAB,"0","0"
DZING,"193","-4.27197000000","19.43050000000",Democratic Republic of the Congo,COD,"0","0"
EBRIE,"194","5.47096818068","-3.91844000000",CÃ¯Â¿Â½te d'Ivoire,CIV,"36","0"
EDO,"195","6.32127189196","5.80369158061",Nigeria,NGA,"12697","0"
EGBA,"196","7.88788726794","2.62273041050",Togo,TGO,"47","0"
EGEDE,"197","6.55676218501","8.83088128434",Nigeria,NGA,"0","0"
EGYPTIANS,"198","28.01530000000","31.17380000000",Egypt,EGY,"0","0"
EKITI,"199","7.19092301451","5.36274574367",Nigeria,NGA,"0","0"
EKOI,"200","5.61523368606","8.80537274396",Nigeria,NGA,"1492","0"
EKONDA,"201","-2.00106000000","18.72590000000",Democratic Republic of the Congo,COD,"118","0"
ESA,"202","10.36270000000","42.76430000000",Somalia,SOM,"0","0"
EWE,"203","6.61175048012","0.85387536195",Togo,TGO,"601082","0"
FAJULU,"204","4.65689499744","31.02890000000",Uganda,UGA,"0","0"
FALI,"205","9.79576360931","13.66570000000",Cameroon,CMR,"0","0"
FANG,"206","1.73031965118","11.74810000000",Gabon,GAB,"1860","0"
FANTI,"207","5.44120813799","-0.94084000000",Ghana,GHA,"21485","0"
FANYAN,"208","10.74800000000","18.95970000000",Chad,TCD,"0","0"
FERTIT,"209","9.60453094502","25.93140000000",South Sudan,SSD,"0","0"
FEZARA,"210","14.11560000000","30.08470000000",Sudan,SDN,"0","0"
FEZZAN,"211","26.20780000000","15.13470000000",Libya,LBY,"0","0"
FIA,"212","4.81683165152","11.32830000000",Cameroon,CMR,"188","0"
FIGIG,"213","32.13200000000","-0.86036600000",Morocco,MAR,"0","0"
FILALA,"214","31.44600000000","-4.42323000000",Morocco,MAR,"0","0"
FIPA,"215","-7.72591000000","31.24100000000",United Republic of Tanzania,TZA,"0","2262"
FON,"216","7.20906545173","2.10309690410",Togo,TGO,"854958","0"
FOUTADJALON,"217","11.49760000000","-12.44000000000",Senegal,SEN,"28136","0"
FOUTATORO,"218","15.30080000000","-14.61550000000",Senegal,SEN,"28745","0"
FUNGON,"219","6.76714496244","10.26520000000",Nigeria,NGA,"0","0"
FUR,"220","12.84530000000","23.73170000000",Chad,TCD,"0","0"
FUT,"221","6.07779340568","10.19260000000",Cameroon,CMR,"94","0"
GA,"222","5.70048550335","-0.19341400000",Ghana,GHA,"0","0"
GAALIIN,"223","17.25470000000","33.14690000000",Sudan,SDN,"0","0"
GABERI,"224","9.36655894148","16.40570000000",Chad,TCD,"0","0"
GADAMES,"225","30.36620000000","9.49852656054",Tunisia,TUN,"0","0"
GAFSA,"226","34.43840000000","8.86014255245",Tunisia,TUN,"0","0"
GAGU,"227","6.40954701515","-5.66026000000",CÃ¯Â¿Â½te d'Ivoire,CIV,"0","0"
GALIM,"228","7.48468594161","12.63960000000",Cameroon,CMR,"0","0"
GAN,"229","7.73358380519","-4.15143000000",CÃ¯Â¿Â½te d'Ivoire,CIV,"0","0"
GANDA,"230","0.41789597415","31.97050000000",United Republic of Tanzania,TZA,"877","3479"
GBANDE,"231","7.77450181504","-9.90888000000",Liberia,LBR,"57","0"
GBARI,"232","9.72076714940","7.07134888062",Nigeria,NGA,"1395","0"
GERAWA,"233","10.62370000000","9.92368023010",Nigeria,NGA,"0","0"
GERI,"234","9.13625814462","42.97820000000",Somalia,SOM,"0","0"
GIBE,"235","7.98232541712","36.73350000000",Ethiopia,ETH,"0","0"
GIL,"236","32.88220000000","-2.24095000000",Morocco,MAR,"0","0"
GILI,"237","8.49619464722","8.85608220298",Nigeria,NGA,"0","0"
GIMIRA,"238","6.96297467812","35.45730000000",Ethiopia,ETH,"0","0"
GIMMA,"239","12.96690000000","32.46530000000",South Sudan,SSD,"0","0"
GISIGA,"240","10.68620000000","14.49860000000",Cameroon,CMR,"0","0"
GISU,"241","1.29789780877","34.26150000000",Uganda,UGA,"0","0"
GOBU,"242","4.65279186493","19.83350000000",Democratic Republic of the Congo,COD,"0","0"
GOGO,"243","-6.19906000000","35.65110000000",United Republic of Tanzania,TZA,"0","2262"
GOLA,"244","7.14113737566","-10.53860000000",Sierra Leone,SLE,"1915","0"
GOMANI,"245","-14.21280000000","34.39550000000",Mozambique,MOZ,"0","0"
GOROA,"246","-4.23388000000","35.90710000000",United Republic of Tanzania,TZA,"0","0"
GOSHA,"247","0.81054472516","42.81910000000",Somalia,SOM,"0","0"
GREBO,"248","4.92475958399","-7.65541000000",Liberia,LBR,"0","0"
GRUNSHI,"249","10.79360000000","-1.54884000000",Ghana,GHA,"1191","0"
GUANCHE,"250","28.33540000000","-15.67350000000",,,"0","0"
GUANG,"251","9.07925336176","-1.31821000000",Ghana,GHA,"106516","0"
GUDE,"252","10.20390000000","13.78170000000",Nigeria,NGA,"12613","0"
GUIN,"253","10.19410000000","-4.70708000000",CÃ¯Â¿Â½te d'Ivoire,CIV,"0","0"
GULA,"254","9.49207568375","20.32220000000",Chad,TCD,"34","0"
GULE,"255","11.82610000000","34.33970000000",Ethiopia,ETH,"0","0"
GUMUZ,"256","11.38900000000","35.64580000000",Ethiopia,ETH,"0","0"
GUN,"257","6.61131893185","2.76047831654",Nigeria,NGA,"69734","0"
GURAGE,"258","7.88563713495","38.61010000000",Ethiopia,ETH,"0","0"
GURENSI,"259","10.82250000000","-0.43913200000",Togo,TGO,"0","0"
GURMA,"260","12.08930000000","1.23224330458",Togo,TGO,"157650","0"
GURO,"261","7.36257295707","-6.01669000000",CÃ¯Â¿Â½te d'Ivoire,CIV,"0","0"
GUSII,"262","-1.16014000000","34.47870000000",United Republic of Tanzania,TZA,"0","0"
GWANDARA,"263","8.74125903660","7.89049427992",Nigeria,NGA,"0","0"
GYRIAMA,"264","-3.24841000000","39.53990000000",Kenya,KEN,"0","0"
HA,"265","-4.45409000000","30.62850000000",United Republic of Tanzania,TZA,"0","783"
HABBANIA,"266","11.02740000000","25.23440000000",South Sudan,SSD,"0","0"
HADENDOWA,"267","17.39620000000","36.22430000000",Eritrea,ERI,"0","0"
HADIMU,"268","-6.13522000000","39.35420000000",United Republic of Tanzania,TZA,"0","42889"
HAMAMA,"269","35.05170000000","9.10896733942",Tunisia,TUN,"0","0"
HAMAR,"270","12.75020000000","27.84430000000",Sudan,SDN,"0","0"
HAMYAN,"271","34.48240000000","1.41010833389",Morocco,MAR,"0","0"
HARARI,"272","9.22359548378","42.25000000000",Ethiopia,ETH,"0","0"
HASANIA,"273","14.59690000000","32.32670000000",Sudan,SDN,"0","0"
HAUSA,"274","12.37220000000","7.14883056262",Nigeria,NGA,"130548","0"
HAWIYA,"275","4.65335305401","46.74320000000",Somalia,SOM,"0","0"
HAYA,"276","-1.61574000000","31.29630000000",Rwanda,RWA,"0","0"
HEHE,"277","-7.69466000000","35.40180000000",United Republic of Tanzania,TZA,"0","4001"
HEIKUM,"278","-19.64850000000","18.42210000000",Namibia,NAM,"0","0"
HEMAT,"279","11.85810000000","20.17800000000",Chad,TCD,"0","0"
HERERO,"280","-19.94930000000","15.22230000000",Namibia,NAM,"0","0"
HIECHWARE,"281","-19.75820000000","25.81840000000",Zimbabwe,ZWE,"0","0"
HLENGWE,"282","-22.49090000000","33.29650000000",Zimbabwe,ZWE,"0","0"
HOLO,"283","-8.26189000000","17.41150000000",Democratic Republic of the Congo,COD,"197","0"
HOLOHOLO,"284","-6.43508000000","29.22460000000",Democratic Republic of the Congo,COD,"0","261"
HUNDE,"285","-1.02756000000","28.62050000000",Democratic Republic of the Congo,COD,"0","0"
HURUTSHE,"286","-26.06100000000","27.00600000000",South Africa,ZAF,"0","0"
IBIBIO,"287","4.83575515252","8.06200384189",Nigeria,NGA,"48808","0"
IBO,"288","5.86896485197","7.32060279209",Nigeria,NGA,"401162","0"
IDIO,"289","4.54430665771","30.52750000000",South Sudan,SSD,"0","0"
IDOMA,"290","7.44629372247","7.99385609791",Nigeria,NGA,"0","0"
IFE,"291","7.45850243480","4.79003521166",Nigeria,NGA,"36","0"
IFORA,"292","20.51260000000","2.52264525823",Algeria,DZA,"0","0"
IGALA,"293","7.20654727751","7.30398184215",Nigeria,NGA,"0","0"
IGBIRA,"294","7.91919697652","6.72647894419",Nigeria,NGA,"631","0"
IJAW,"295","4.80695529987","6.27883714800",Nigeria,NGA,"27438","0"
IJEBU,"296","6.67281219028","4.08672205910",Nigeria,NGA,"0","0"
IKASA,"297","1.46911196343","17.27010000000",Congo,COG,"0","0"
ILA,"298","-15.69270000000","26.80130000000",Zambia,ZMB,"0","0"
IMRAGEN,"299","24.27600000000","-14.89750000000",Western Sahara,WSA,"0","0"
INGASSANA,"300","11.35330000000","33.88220000000",Sudan,SDN,"0","0"
IRAMBA,"301","-4.34547000000","34.42670000000",United Republic of Tanzania,TZA,"0","0"
IRAQW,"302","-3.81329000000","35.40810000000",United Republic of Tanzania,TZA,"0","0"
ISHAAK,"303","9.43922232684","45.67320000000",Somalia,SOM,"0","0"
ISOKO,"304","5.60446245971","6.13042327343",Nigeria,NGA,"345","0"
ITSEKIRI,"305","5.59102372275","5.49161461865",Nigeria,NGA,"0","0"
ITTU,"306","8.94497559240","41.43220000000",Ethiopia,ETH,"0","13"
IWA,"307","-9.46866000000","32.51890000000",Zambia,ZMB,"0","0"
IYALA,"308","6.89215302351","8.53769098408",Nigeria,NGA,"18","0"
JALO,"309","28.97270000000","21.26120000000",Libya,LBY,"0","0"
JANJERO,"310","7.80973439245","37.48790000000",Ethiopia,ETH,"0","0"
JARAWA,"311","10.09980000000","9.56061527878",Nigeria,NGA,"18","0"
JEBALA,"312","34.85060000000","-5.28036000000",Morocco,MAR,"0","0"
JEN,"313","9.71420299496","11.67020000000",Nigeria,NGA,"72","0"
"JERAWA, CHAWAI (SW)","314","10.20130000000","8.87632211939",Nigeria,NGA,"196","0"
JERBA,"315","33.79350000000","10.86410000000",Tunisia,TUN,"0","0"
JERID,"316","33.89220000000","8.40782070662",Tunisia,TUN,"0","0"
JIBU,"317","7.77658283782","11.29550000000",Nigeria,NGA,"0","0"
JIE,"318","3.41288071305","34.13710000000",Uganda,UGA,"0","0"
JOFRA,"319","28.82240000000","16.53910000000",Libya,LBY,"0","0"
JUKUN,"320","8.59694169650","10.58700000000",Nigeria,NGA,"162","0"
JUR,"321","8.07882877122","28.04260000000",South Sudan,SSD,"0","0"
KABABISH,"322","16.68410000000","29.44690000000",Sudan,SDN,"0","0"
KABRE,"323","9.81906183486","1.22542193478",Togo,TGO,"406","0"
KABYLE,"324","36.54950000000","4.30706393488",Algeria,DZA,"0","0"
KADARA,"325","9.99369046905","7.74890847706",Nigeria,NGA,"196","0"
KAFA,"326","7.38553965795","36.10440000000",Ethiopia,ETH,"0","0"
KAGORO,"327","14.13900000000","-8.74348000000",Mali,MLI,"0","0"
KAKA,"328","4.37608215236","14.44580000000",Central African Republic,CAF,"2259","0"
KALAI,"329","-0.83450400000","11.32780000000",Gabon,GAB,"6386","0"
KAM,"330","8.51997979274","11.02500000000",Nigeria,NGA,"0","0"
KAMBA,"331","-1.61913000000","38.16660000000",Kenya,KEN,"553","2087"
KAMBATA,"332","7.51456172364","38.00420000000",Ethiopia,ETH,"0","0"
KAMBERI,"333","10.40870000000","5.49845264805",Nigeria,NGA,"270","0"
KAMIR,"334","13.17560000000","38.81920000000",Ethiopia,ETH,"0","0"
KAMUKU,"335","10.46420000000","6.38120422130",Nigeria,NGA,"18","0"
KANEMBU,"336","13.99410000000","14.43470000000",Nigeria,NGA,"28","0"
KANURI,"337","12.05100000000","12.74840000000",Nigeria,NGA,"2195","0"
KAONDE,"338","-13.03970000000","25.96850000000",Zambia,ZMB,"2814","0"
KAPSIKI,"339","10.52010000000","13.66670000000",Nigeria,NGA,"0","0"
KARA,"340","9.47461689881","22.84940000000",Central African Republic,CAF,"0","261"
KARABORO,"341","10.49140000000","-4.30928000000",Burkina Faso,BFA,"0","0"
KARAMOJONG,"342","2.34105108952","34.68730000000",Uganda,UGA,"0","0"
KARANGA,"343","-20.28630000000","30.50810000000",Zimbabwe,ZWE,"553","0"
KARE,"344","5.04133821818","25.94170000000",Democratic Republic of the Congo,COD,"0","0"
KAREKARE,"345","11.67640000000","11.19120000000",Nigeria,NGA,"36","0"
KASONKE,"346","14.31500000000","-10.65570000000",Mali,MLI,"106","0"
KATAB,"347","9.76237578565","8.31656983567",Nigeria,NGA,"286","0"
KATLA,"348","11.71540000000","29.46560000000",Sudan,SDN,"0","0"
KAWAR,"349","18.20520000000","12.81630000000",Niger,NER,"0","0"
KEBU,"350","7.74148244117","0.84064514854",Togo,TGO,"0","0"
KELA,"351","-1.98036000000","23.70880000000",Democratic Republic of the Congo,COD,"0","0"
KEMANT,"352","12.52060000000","37.22380000000",Ethiopia,ETH,"0","0"
KENGA,"353","12.13860000000","18.45820000000",Chad,TCD,"0","0"
KENTU,"354","7.29892330922","10.51510000000",Nigeria,NGA,"0","0"
KEPERE,"355","5.33492717019","13.32880000000",Cameroon,CMR,"0","0"
KERARISH,"356","20.35150000000","28.98260000000",Sudan,SDN,"0","0"
KEREWE,"357","-2.08103000000","33.47330000000",United Republic of Tanzania,TZA,"0","0"
KEYU,"358","0.56121242727","35.73880000000",Kenya,KEN,"0","0"
KGALAGADI,"359","-24.10610000000","22.70940000000",South Africa,ZAF,"0","0"
KGATLA,"360","-24.53320000000","27.36730000000",South Africa,ZAF,"0","0"
KHARGA,"361","24.18860000000","30.48220000000",Egypt,EGY,"0","0"
KIKUYU,"362","-0.84720000000","36.99360000000",Kenya,KEN,"0","174"
KILINGA,"363","9.53958627681","2.04774060296",Benin,BEN,"145","0"
KIMBU,"364","-7.18343000000","33.48860000000",United Republic of Tanzania,TZA,"0","174"
KIMBUNDU,"365","-8.81355000000","15.48470000000",Angola,AGO,"68033","0"
KIMR,"366","14.65490000000","23.43530000000",Sudan,SDN,"0","0"
KINDIGA,"367","-3.61617000000","34.77310000000",United Republic of Tanzania,TZA,"0","0"
KINGA,"368","-9.54974000000","34.70420000000",United Republic of Tanzania,TZA,"0","2087"
KIPSIGI,"369","-0.43858100000","35.23050000000",Kenya,KEN,"0","0"
KISAMA,"370","-9.80000000000","13.70080000000",Angola,AGO,"6031","0"
KISI,"371","-9.83900000000","34.50780000000",United Republic of Tanzania,TZA,"585","348"
KISSI,"372","8.88535055626","-10.05300000000",Sierra Leone,SLE,"62634","0"
KITA,"373","13.24330000000","-8.92973000000",Mali,MLI,"0","0"
KOALIB,"374","11.27660000000","30.76750000000",Sudan,SDN,"0","0"
KOBA,"375","-18.89540000000","23.51700000000",Namibia,NAM,"0","0"
KOKO,"376","4.07746058894","10.63600000000",Cameroon,CMR,"3153","0"
KOM,"377","6.37133062816","10.31200000000",Cameroon,CMR,"0","0"
KOMA,"378","9.35993053993","34.21410000000",Ethiopia,ETH,"0","0"
KOMONO,"379","9.77618026767","-4.14357000000",CÃ¯Â¿Â½te d'Ivoire,CIV,"0","0"
KONA,"380","10.37030000000","12.64760000000",Nigeria,NGA,"0","0"
KONGO,"381","-6.62398000000","14.61800000000",Democratic Republic of the Congo,COD,"3838953","0"
KONJO,"382","-0.17941500000","29.38610000000",Uganda,UGA,"0","0"
KONKOMBA,"383","9.84176270225","0.56801523267",Togo,TGO,"138291","0"
KONO,"384","8.74069306158","-10.76200000000",Sierra Leone,SLE,"400","0"
KONONGO,"385","-6.44118000000","32.01160000000",United Republic of Tanzania,TZA,"0","86"
KONSO,"386","5.58498574960","37.58980000000",Ethiopia,ETH,"0","0"
KONYANKE,"387","8.68836860435","-8.23764000000",Guinea,GIN,"0","0"
KORANA,"388","-28.67450000000","23.81260000000",South Africa,ZAF,"0","0"
KORANKO,"389","9.38524941941","-10.48930000000",Sierra Leone,SLE,"3176","0"
KOREKORE,"390","-17.11500000000","29.51160000000",Zimbabwe,ZWE,"0","0"
KORO,"391","9.45630699547","7.52936535171",Nigeria,NGA,"72","0"
KOROCA,"392","-15.58240000000","12.41020000000",Angola,AGO,"0","0"
KOSSI,"393","4.82866620340","9.79019286614",Cameroon,CMR,"282","0"
KOTA,"394","0.37376039923","14.44480000000",Gabon,GAB,"3100","0"
KOTOKO,"395","11.69670000000","15.15300000000",Chad,TCD,"0","0"
KOTOPO,"396","8.21211804925","12.53530000000",Nigeria,NGA,"0","0"
KOYAM,"397","13.13830000000","12.85300000000",Nigeria,NGA,"0","0"
KPE,"398","4.22652850695","9.34544138523",Cameroon,CMR,"188","0"
KPELLE,"399","7.43424570227","-9.11154000000",Liberia,LBR,"675","0"
KRACHI,"400","8.06976564089","0.11941856395",Ghana,GHA,"0","0"
KRAN,"401","5.98986146850","-8.03530000000",Liberia,LBR,"0","0"
KREDA,"402","14.41030000000","17.35230000000",Chad,TCD,"0","0"
KREISH,"403","8.80220308884","24.87020000000",South Sudan,SSD,"0","0"
KRU,"404","5.16894220083","-8.67231000000",Liberia,LBR,"114","0"
KUBA,"405","-4.69093000000","21.88100000000",Democratic Republic of the Congo,COD,"0","0"
KUFRA,"406","24.32290000000","22.29160000000",Libya,LBY,"0","0"
KUKU,"407","3.92920368509","31.53910000000",Uganda,UGA,"0","0"
KUKURUKU,"408","7.02752615497","6.37802975451",Nigeria,NGA,"541","0"
KULANGO,"409","8.68432815758","-3.30593000000",Ghana,GHA,"0","0"
KUMU,"410","-0.39263900000","26.82040000000",Democratic Republic of the Congo,COD,"0","0"
KUN,"411","10.34980000000","16.14730000000",Chad,TCD,"0","0"
KUNAMA,"412","15.14730000000","37.35840000000",Eritrea,ERI,"0","0"
KUNDA,"413","-15.39980000000","31.95180000000",Zimbabwe,ZWE,"0","0"
KUNDU,"414","4.84707143258","9.14760573899",Cameroon,CMR,"1224","0"
KUNG,"415","-20.12820000000","20.10370000000",Namibia,NAM,"0","0"
KUNTA,"416","20.48780000000","-0.86221100000",Algeria,DZA,"0","0"
KUNYI,"417","-3.53615000000","12.77390000000",Gabon,GAB,"2848","0"
"KURAMA, GURE (NE)","418","10.39170000000","8.49950471069",Nigeria,NGA,"0","0"
KURFEI,"419","14.13340000000","3.86084134595",Niger,NER,"0","0"
KUTSHU,"420","-3.17508000000","20.90450000000",Democratic Republic of the Congo,COD,"118","0"
KWANGARE,"421","-17.17420000000","19.07730000000",Namibia,NAM,"0","0"
KWENA,"422","-24.23160000000","25.44190000000",Botswana,BWA,"0","0"
KWERE,"423","-6.30313000000","38.39980000000",United Republic of Tanzania,TZA,"0","522"
KWESE,"424","-5.96732000000","18.60670000000",Democratic Republic of the Congo,COD,"235","0"
LABWOR,"425","2.66672522586","33.86850000000",Uganda,UGA,"0","0"
LAGUAT,"426","33.81820000000","3.07953158495",Algeria,DZA,"0","0"
LAKA (ADAMAWA,"427","8.16555122260","15.78320000000",Chad,TCD,"0","0"
LAKA (NDEBELE),"428","-24.22260000000","28.63530000000",South Africa,ZAF,"0","0"
LALA,"429","-13.58800000000","30.27700000000",Zambia,ZMB,"1490","0"
LAMBA,"430","-12.75200000000","27.90900000000",Zambia,ZMB,"563","0"
LAMBYA,"431","-9.60184000000","33.07580000000",Zambia,ZMB,"0","0"
LANDUMA,"432","10.90450000000","-14.27340000000",Guinea,GIN,"423","0"
LANGO,"433","2.12347055595","32.98660000000",Uganda,UGA,"0","0"
LELE,"434","-5.07541000000","20.52090000000",Democratic Republic of the Congo,COD,"0","0"
LENDU,"435","1.91956670698","30.52480000000",Uganda,UGA,"0","0"
LENGOLA,"436","-0.77053500000","25.41900000000",Democratic Republic of the Congo,COD,"0","0"
LENJE,"437","-14.71360000000","28.45880000000",Zambia,ZMB,"0","0"
LESE,"438","1.98204138599","29.17160000000",Democratic Republic of the Congo,COD,"0","0"
LI,"439","5.90345338197","10.04590000000",Cameroon,CMR,"94","0"
"LIGBI, DEGHA (SE)","440","8.66276015312","-2.50018000000",Ghana,GHA,"0","0"
LIKA,"441","2.12175520425","27.46610000000",Democratic Republic of the Congo,COD,"0","0"
LILSE,"442","12.34890000000","-2.61949000000",Burkina Faso,BFA,"0","0"
LIMBA,"443","9.46418785307","-11.95310000000",Sierra Leone,SLE,"6237","0"
LIPTAKO,"444","13.71150000000","0.07591713508",Niger,NER,"0","0"
LISI,"445","12.94190000000","17.98240000000",Chad,TCD,"18","0"
LOBI,"446","10.01410000000","-3.34210000000",CÃ¯Â¿Â½te d'Ivoire,CIV,"0","0"
LOGO,"447","3.42835417559","30.06500000000",South Sudan,SSD,"0","0"
LOKELE,"448","0.75815544353","24.73590000000",Democratic Republic of the Congo,COD,"0","0"
LOKO,"449","9.16240343492","-12.15810000000",Sierra Leone,SLE,"457","0"
LOMWE,"450","-15.48210000000","37.80440000000",Mozambique,MOZ,"1558","174"
LONGUDA,"451","9.90710835251","12.00480000000",Nigeria,NGA,"0","0"
LOTUKO,"452","4.52168398466","32.71210000000",Uganda,UGA,"0","0"
LOVEDU,"453","-24.26220000000","30.60720000000",South Africa,ZAF,"0","86"
LOZI,"454","-15.38390000000","23.34020000000",Zambia,ZMB,"0","0"
LUAPULA,"455","-9.97104000000","28.93050000000",Zambia,ZMB,"0","0"
LUBA,"456","-8.20646000000","25.75220000000",Democratic Republic of the Congo,COD,"450","0"
LUCHAZI,"457","-13.14950000000","20.18330000000",Zambia,ZMB,"0","0"
LUGBARA,"458","3.20389152649","30.87060000000",Uganda,UGA,"0","0"
LUGURU,"459","-7.26561000000","37.85330000000",United Republic of Tanzania,TZA,"0","25577"
LUIMBE,"460","-11.83980000000","17.62610000000",Angola,AGO,"0","0"
LUKOKWE,"461","-13.68410000000","24.23450000000",Zambia,ZMB,"0","0"
LULUA,"462","-5.93696000000","22.35210000000",Democratic Republic of the Congo,COD,"0","0"
LUMBO,"463","-2.50535000000","10.89760000000",Gabon,GAB,"4883","0"
LUNDA,"464","-8.56856000000","22.58470000000",Democratic Republic of the Congo,COD,"470","0"
LUNGU,"465","-9.05051000000","31.27200000000",Zambia,ZMB,"0","0"
LUO,"466","-0.29384300000","34.41800000000",United Republic of Tanzania,TZA,"0","435"
LUPOLO,"467","-10.32620000000","15.13520000000",Angola,AGO,"142841","0"
LUVALE,"468","-12.26440000000","21.81420000000",Zambia,ZMB,"1376","0"
LUWA,"469","-6.81631000000","18.57580000000",Democratic Republic of the Congo,COD,"343","0"
MAAZA,"470","28.27550000000","32.33300000000",Egypt,EGY,"0","0"
MABA,"471","13.74940000000","20.18060000000",Chad,TCD,"76","0"
MACHA,"472","9.33254963510","37.15980000000",Ethiopia,ETH,"0","17"
MADA,"473","9.04445291519","8.60056813412",Nigeria,NGA,"0","0"
MADI,"474","3.61086394196","31.83330000000",Uganda,UGA,"0","0"
MAGUZAWA,"475","11.70420000000","8.88569197965",Nigeria,NGA,"0","0"
MAGWANGARA,"476","-10.47520000000","36.02190000000",United Republic of Tanzania,TZA,"0","27142"
MAHAFALY,"477","-24.45560000000","44.38090000000",Madagascar,MDG,"2730","2366"
MAHAMID,"478","15.29390000000","20.51090000000",Chad,TCD,"0","0"
MAKA,"479","4.14722526271","13.24380000000",Cameroon,CMR,"0","0"
MAKERE,"480","2.62290844198","26.42790000000",Democratic Republic of the Congo,COD,"118","0"
MAKONDE,"481","-10.99920000000","39.78350000000",United Republic of Tanzania,TZA,"7877","9483"
MAKUA,"482","-13.68520000000","38.91380000000",United Republic of Tanzania,TZA,"186673","36277"
MALINKE,"483","11.86630000000","-10.65000000000",Senegal,SEN,"466128","0"
MAMA,"484","9.12358171056","9.02548849825",Nigeria,NGA,"0","0"
MAMBILA,"485","6.89643522493","11.66920000000",Nigeria,NGA,"112","0"
MAMPRUSI,"486","10.36160000000","-0.51626100000",Togo,TGO,"0","0"
MAMVU,"487","2.71437782525","29.38430000000",Democratic Republic of the Congo,COD,"675","0"
MANALA,"488","-25.90660000000","28.32630000000",South Africa,ZAF,"0","0"
MANDARA,"489","11.44620000000","14.19120000000",Nigeria,NGA,"0","0"
MANDJA,"490","5.95633897216","18.32480000000",Central African Republic,CAF,"0","0"
MANGA,"491","13.40710000000","11.34810000000",Nigeria,NGA,"74","0"
MANGBETU,"492","3.39672619992","27.79500000000",Democratic Republic of the Congo,COD,"0","0"
MANYIKA,"493","-18.81750000000","32.77460000000",Zimbabwe,ZWE,"0","871"
MAO,"494","9.02597512935","34.77880000000",Ethiopia,ETH,"0","0"
MARGI,"495","10.77790000000","13.21060000000",Nigeria,NGA,"0","0"
MASA,"496","9.92932737599","15.65690000000",Chad,TCD,"0","0"
MASAI,"497","-2.92126000000","36.41700000000",United Republic of Tanzania,TZA,"0","1132"
MASALIT,"498","13.18730000000","22.47920000000",Chad,TCD,"0","0"
MASHASHA,"499","-15.39890000000","25.39000000000",Zambia,ZMB,"0","0"
MASHI,"500","-16.16510000000","22.53960000000",Zambia,ZMB,"0","0"
MASINA,"501","15.20410000000","-3.85380000000",Mauritania,MRT,"35","0"
MASONGO,"502","7.86998923787","34.99470000000",Ethiopia,ETH,"0","0"
MATAKAM,"503","10.82080000000","13.79060000000",Nigeria,NGA,"0","0"
MATENGO,"504","-11.00860000000","35.18340000000",United Republic of Tanzania,TZA,"0","86"
MATMATA,"505","33.53540000000","9.49636143003",Tunisia,TUN,"0","0"
MATUMBI,"506","-9.37831000000","36.20990000000",United Republic of Tanzania,TZA,"0","4524"
MAURI,"507","13.33310000000","3.77606160899",Niger,NER,"0","0"
"MAYOGO, BADJO (NE)","508","2.66320454525","27.98110000000",Democratic Republic of the Congo,COD,"0","0"
MBAE,"509","1.19446543649","25.25360000000",Democratic Republic of the Congo,COD,"0","174"
MBAGANI,"510","-7.08356000000","22.24800000000",Democratic Republic of the Congo,COD,"0","0"
MBALA,"511","-4.82061000000","18.21360000000",Democratic Republic of the Congo,COD,"0","0"
MBANGALA,"512","-9.29804000000","18.22880000000",Angola,AGO,"1376","0"
MBEMBE,"513","6.11075510303","8.46425691250",Nigeria,NGA,"18037","0"
MBERE,"514","7.11640761405","15.85990000000",Chad,TCD,"0","0"
MBESA,"515","1.55389761490","22.96720000000",Democratic Republic of the Congo,COD,"118","0"
MBOLE,"516","-1.64343000000","21.00440000000",Democratic Republic of the Congo,COD,"0","0"
MBUBULA,"517","9.60486872839","12.36760000000",Nigeria,NGA,"0","0"
MBUGU,"518","-4.49990000000","38.28890000000",United Republic of Tanzania,TZA,"0","0"
MBUGWE,"519","-3.75500000000","35.90380000000",United Republic of Tanzania,TZA,"0","0"
MBUKUSHU,"520","-17.31290000000","21.27830000000",Namibia,NAM,"0","0"
MBUM,"521","7.45818977452","13.67310000000",Cameroon,CMR,"0","0"
MBUNDA,"522","-14.43080000000","21.10700000000",Zambia,ZMB,"0","0"
MBUNDU,"523","-12.41780000000","15.79260000000",Angola,AGO,"86192","0"
MBUNGA,"524","-8.10787000000","36.98430000000",United Republic of Tanzania,TZA,"0","0"
MBWELA,"525","-15.30110000000","19.18540000000",Angola,AGO,"787","0"
MEBAN,"526","10.29220000000","33.55800000000",Ethiopia,ETH,"0","0"
MEDJI,"527","2.63129133416","27.28180000000",Democratic Republic of the Congo,COD,"0","0"
MEKYIBO,"528","5.44230847276","-3.11319000000",CÃ¯Â¿Â½te d'Ivoire,CIV,"0","0"
MENASSER,"529","36.44740000000","2.08202021473",Algeria,DZA,"0","0"
MENDE,"530","7.95130534362","-11.18170000000",Sierra Leone,SLE,"11470","0"
MERARIT,"531","14.42090000000","21.54330000000",Chad,TCD,"0","0"
MERINA,"532","-18.32820000000","46.97900000000",Madagascar,MDG,"15645","13565"
MERU,"533","0.01666100428","38.10440000000",Kenya,KEN,"0","86"
MESSIRIA,"534","11.08660000000","28.34220000000",Sudan,SDN,"0","0"
MIDOBI,"535","15.37680000000","26.62410000000",Sudan,SDN,"0","0"
MIJERTEIN,"536","9.01818296234","48.77410000000",Somalia,SOM,"0","0"
MIMI,"537","14.78700000000","20.27870000000",Chad,TCD,"0","0"
MINIANKA,"538","11.75850000000","-5.29926000000",Mali,MLI,"35","0"
MITTU,"539","5.80870017412","29.73880000000",South Sudan,SSD,"0","0"
MITUKU,"540","-1.21236000000","25.10330000000",Democratic Republic of the Congo,COD,"0","0"
MOBA,"541","10.66120000000","0.46957819662",Togo,TGO,"0","0"
MOBER,"542","13.43200000000","12.55090000000",Nigeria,NGA,"0","0"
MOMBERA,"543","-11.98850000000","33.47380000000",Zambia,ZMB,"0","0"
MONDARI,"544","5.85564776307","31.39360000000",South Sudan,SSD,"0","0"
MONGO,"545","0.94008452632","21.08720000000",Democratic Republic of the Congo,COD,"118","0"
MOROCCANS,"546","32.74500000000","-7.57882000000",Morocco,MAR,"0","0"
MORU,"547","5.25326309349","30.41030000000",South Sudan,SSD,"0","0"
MOSSI,"548","12.72650000000","-1.17043000000",Togo,TGO,"674","0"
MPEZENI,"549","-13.56240000000","32.38650000000",Zambia,ZMB,"0","0"
MPONGWE,"550","-0.98688500000","9.62558377087",Gabon,GAB,"5472","0"
MUBI,"551","12.51990000000","19.65560000000",Chad,TCD,"0","0"
MUM,"552","5.67429862847","11.05450000000",Cameroon,CMR,"3247","0"
MUMUYE,"553","9.01314529662","11.81840000000",Nigeria,NGA,"606","0"
MUNDANG,"554","9.68855186095","14.67600000000",Chad,TCD,"0","0"
MUNDU,"555","4.34563096724","30.13120000000",South Sudan,SSD,"893","0"
MURLE,"556","6.26583539229","33.31130000000",Ethiopia,ETH,"0","0"
MUSGU,"557","10.99470000000","15.30750000000",Chad,TCD,"0","0"
MWERA,"558","-9.63120000000","39.04450000000",United Republic of Tanzania,TZA,"0","9657"
MZAB,"559","32.68550000000","3.75748998569",Algeria,DZA,"0","0"
NAFANA,"560","8.30463594464","-2.39710000000",Ghana,GHA,"0","0"
NAIL,"561","33.97580000000","4.53298662550",Algeria,DZA,"0","0"
NAJI,"562","6.29835178315","35.73200000000",Ethiopia,ETH,"0","0"
NALU,"563","11.03610000000","-14.89710000000",Guinea,GIN,"8564","0"
NAMA,"564","-26.37330000000","17.64930000000",South Africa,ZAF,"0","0"
NAMIB,"565","-26.41880000000","15.72010000000",Namibia,NAM,"0","0"
NAMSHI,"566","8.50232102663","13.38340000000",Cameroon,CMR,"0","0"
NANDI,"567","0.47680069515","35.23320000000",Kenya,KEN,"0","0"
NARON,"568","-21.79370000000","21.29130000000",Namibia,NAM,"0","0"
NAUDEBA,"569","10.07840000000","1.40873526828",Togo,TGO,"0","0"
NDAKA,"570","1.36417524408","27.13430000000",Democratic Republic of the Congo,COD,"0","0"
NDAMBA,"571","-8.57761000000","35.94020000000",United Republic of Tanzania,TZA,"0","1740"
NDAU,"572","-20.24590000000","33.72080000000",Zimbabwe,ZWE,"0","261"
NDEBELE,"573","-19.71330000000","28.14600000000",Zimbabwe,ZWE,"0","0"
NDEMBU,"574","-11.61220000000","24.04430000000",Zambia,ZMB,"393","0"
NDOB,"575","5.94234887729","10.59010000000",Cameroon,CMR,"3200","0"
NDOGO,"576","6.95976902611","26.92560000000",South Sudan,SSD,"197","0"
NDOKO,"577","2.06324324792","20.81720000000",Democratic Republic of the Congo,COD,"0","0"
NDOMBE,"578","-13.38380000000","13.56420000000",Angola,AGO,"3736","0"
NDORO,"579","7.55052420282","10.84410000000",Nigeria,NGA,"0","0"
NDUKA,"580","8.30457880108","19.25150000000",Chad,TCD,"0","0"
NEFUSA,"581","31.76480000000","11.50300000000",Tunisia,TUN,"0","0"
NEN,"582","4.70322762053","10.77600000000",Cameroon,CMR,"659","0"
NGALA,"583","1.26952790438","18.86250000000",Democratic Republic of the Congo,COD,"549","0"
NGAMA,"584","7.65411664685","17.46340000000",Chad,TCD,"0","0"
NGANDU,"585","0.02679747296","23.35870000000",Democratic Republic of the Congo,COD,"0","0"
NGBANDI,"586","3.76685914131","21.83280000000",Democratic Republic of the Congo,COD,"588","0"
NGBELE,"587","2.88449111296","28.33880000000",Democratic Republic of the Congo,COD,"0","0"
NGE,"588","7.59225666119","6.98139860894",Nigeria,NGA,"0","0"
NGERE,"589","6.85604008385","-8.02342000000",Liberia,LBR,"514","0"
NGINDO,"590","-9.37514000000","37.86930000000",United Republic of Tanzania,TZA,"0","75340"
NGIZIM,"591","12.12460000000","10.80000000000",Nigeria,NGA,"36","0"
NGOMBE,"592","-0.89576400000","21.46860000000",Democratic Republic of the Congo,COD,"460","0"
NGONGO,"593","-5.32895000000","18.38650000000",Democratic Republic of the Congo,COD,"0","0"
NGONYELU,"594","-14.49620000000","16.93860000000",Angola,AGO,"393","0"
NGUMBA,"595","2.47983590166","10.42820000000",Equatorial Guinea,GNQ,"0","0"
NGUMBE,"596","-15.17340000000","15.19780000000",Angola,AGO,"6096","0"
NGURU,"597","-6.13611000000","37.60730000000",United Republic of Tanzania,TZA,"0","3654"
NGWAKETSE,"598","-25.24200000000","25.24060000000",South Africa,ZAF,"0","0"
NGWATO,"599","-22.64490000000","27.01740000000",Zimbabwe,ZWE,"0","0"
NKOLE,"600","-0.57175500000","30.49890000000",Rwanda,RWA,"0","0"
NKOYA,"601","-14.83110000000","24.32420000000",Zambia,ZMB,"0","0"
NKUNDO,"602","-0.31735900000","19.49150000000",Democratic Republic of the Congo,COD,"0","0"
NONO,"603","13.96370000000","-4.12129000000",Mali,MLI,"0","0"
NSAW,"604","6.25416402001","10.82940000000",Cameroon,CMR,"471","0"
NSENGA,"605","-14.88870000000","30.53410000000",Zimbabwe,ZWE,"0","86"
NSUNGLI,"606","6.49437144841","11.14740000000",Nigeria,NGA,"0","0"
NUER,"607","8.53223834020","31.76770000000",Ethiopia,ETH,"0","0"
NUKWE,"608","-17.77720000000","22.80680000000",Zambia,ZMB,"0","0"
NUNUMA,"609","11.51010000000","-2.09037000000",Burkina Faso,BFA,"0","0"
NUPE,"610","9.10286019390","5.76285117564",Nigeria,NGA,"58551","0"
NUSAN,"611","-25.73830000000","20.47180000000",South Africa,ZAF,"0","0"
NYAKYUSA,"612","-9.28959000000","33.70550000000",United Republic of Tanzania,TZA,"0","10439"
NYAMWEZI,"613","-5.07289000000","32.81410000000",United Republic of Tanzania,TZA,"0","57419"
NYANEKA,"614","-15.55090000000","13.95620000000",Angola,AGO,"0","0"
NYANGIYA,"615","3.77967127280","33.71240000000",Uganda,UGA,"0","0"
NYANJA,"616","-15.71950000000","35.42020000000",Mozambique,MOZ,"82781","2175"
NYARI,"617","2.17762692591","30.15390000000",Democratic Republic of the Congo,COD,"0","0"
NYASA,"618","-12.24260000000","34.95330000000",United Republic of Tanzania,TZA,"0","131192"
NYIMA,"619","12.00050000000","29.37360000000",Sudan,SDN,"0","0"
NYORO,"620","1.73741658436","31.69140000000",Uganda,UGA,"0","0"
NZANKARA,"621","4.71870481962","22.82200000000",Democratic Republic of the Congo,COD,"0","0"
ODODOP,"622","5.21845129587","8.41886622869",Nigeria,NGA,"0","0"
OGADEN,"623","6.53011012379","44.10130000000",Somalia,SOM,"0","0"
OHEKWE,"624","-21.71660000000","24.30350000000",Botswana,BWA,"0","0"
OKORO,"625","11.36160000000","17.95690000000",Chad,TCD,"0","0"
OMETO,"626","6.50882581413","37.36260000000",Ethiopia,ETH,"0","0"
ORRI,"627","6.57514660448","8.35817415490",Nigeria,NGA,"0","0"
PADANG,"628","10.18400000000","32.51000000000",South Sudan,SSD,"0","0"
PANDE,"629","3.36173770526","17.02280000000",Congo,COG,"0","0"
PARE,"630","-4.10684000000","37.89620000000",United Republic of Tanzania,TZA,"0","2872"
PARI,"631","5.31858742671","32.69690000000",South Sudan,SSD,"0","0"
PEDI,"632","-25.92070000000","29.81270000000",South Africa,ZAF,"0","0"
PEMBA,"633","-5.18171000000","39.75730000000",United Republic of Tanzania,TZA,"0","871"
PENDE,"634","-6.03612000000","19.71850000000",Democratic Republic of the Congo,COD,"0","0"
PEPEL,"635","12.04740000000","-15.93850000000",Guinea-Bissau,GNB,"28770","0"
PIMBWE,"636","-7.16873000000","31.60400000000",United Republic of Tanzania,TZA,"0","0"
PODOKWO,"637","11.05570000000","14.12990000000",Cameroon,CMR,"0","0"
POGORO,"638","-8.79373000000","36.65620000000",United Republic of Tanzania,TZA,"0","86"
POKOMO,"639","-0.95397500000","39.82280000000",Kenya,KEN,"0","86"
PONDO,"640","-31.38940000000","29.31030000000",South Africa,ZAF,"0","0"
POPO,"641","6.39481661130","1.88476549919",Togo,TGO,"75382","0"
POPOI,"642","1.99354755347","26.17090000000",Democratic Republic of the Congo,COD,"0","0"
POTO,"643","2.14214819176","22.02910000000",Democratic Republic of the Congo,COD,"62777","0"
PUKU,"644","1.73339352356","9.81191060355",Gabon,GAB,"0","0"
RANGI,"645","-4.63081000000","36.03690000000",United Republic of Tanzania,TZA,"0","0"
REGA,"646","-2.93203000000","27.73300000000",Democratic Republic of the Congo,COD,"0","0"
REGEIBAT,"647","22.85330000000","-12.16490000000",Western Sahara,WSA,"0","0"
RENDILE,"648","3.47022570303","36.96910000000",Kenya,KEN,"0","9"
RESHE,"649","11.15600000000","4.69897702890",Nigeria,NGA,"0","0"
RESHIAT,"650","4.92144749252","36.30840000000",Kenya,KEN,"0","0"
RIF,"651","34.79080000000","-3.71829000000",Morocco,MAR,"0","0"
RIYAH,"652","29.39460000000","12.34380000000",Tunisia,TUN,"0","0"
ROLONG,"653","-26.91680000000","25.56580000000",South Africa,ZAF,"0","0"
RONGA,"654","-26.51810000000","32.42390000000",Swaziland,SWZ,"0","0"
RUANDA,"655","-1.93110000000","29.93540000000",Rwanda,RWA,"0","0"
RUARHA,"656","33.32260000000","5.91159752219",Algeria,DZA,"0","0"
RUFFA,"657","13.16570000000","34.25220000000",Ethiopia,ETH,"0","0"
RUMBI,"658","0.63315405435","27.07380000000",Democratic Republic of the Congo,COD,"118","0"
RUNDI,"659","-3.28221000000","30.08750000000",Rwanda,RWA,"0","86"
RUNGA,"660","10.68650000000","21.43090000000",Chad,TCD,"0","0"
SAADI,"661","29.33610000000","27.84680000000",Egypt,EGY,"0","0"
SAB,"662","2.78542765396","43.85150000000",Somalia,SOM,"0","0"
SABEI,"663","1.19700997788","34.69770000000",Uganda,UGA,"0","0"
SAFWA,"664","-8.54334000000","33.14640000000",United Republic of Tanzania,TZA,"0","0"
SAGARA,"665","-6.81425000000","36.84420000000",United Republic of Tanzania,TZA,"0","43498"
SAHEL,"666","35.54400000000","10.49720000000",Tunisia,TUN,"0","0"
SAHO,"667","14.34350000000","39.92730000000",Ethiopia,ETH,"0","0"
SAKALAVA,"668","-17.64590000000","46.05010000000",Madagascar,MDG,"35535","30812"
SAKATA,"669","-2.84089000000","17.77990000000",Democratic Republic of the Congo,COD,"588","86"
SALA,"670","8.81489518846","17.57380000000",Chad,TCD,"0","0"
SAMBURU,"671","1.08991367981","36.91340000000",Kenya,KEN,"0","0"
SAMO,"672","13.37660000000","-2.90160000000",Mali,MLI,"0","0"
SANDAWE,"673","-5.22784000000","35.59120000000",United Republic of Tanzania,TZA,"0","0"
SANGA,"674","2.26032425992","16.18530000000",Congo,COG,"8343","0"
SANGU,"675","-8.08836000000","34.09080000000",United Republic of Tanzania,TZA,"0","0"
SANUSI,"676","30.38830000000","21.88470000000",Egypt,EGY,"0","0"
SANYE,"677","-1.75582000000","39.44530000000",Kenya,KEN,"0","0"
SAPO,"678","5.75377630961","-8.50860000000",Liberia,LBR,"0","0"
SEGEJU,"679","-3.21371000000","39.99680000000",United Republic of Tanzania,TZA,"0","697"
SEKE,"680","0.66220064611","9.89595654854",Gabon,GAB,"1392","0"
SELE,"681","-11.22240000000","14.15110000000",Angola,AGO,"2753","0"
SELIM,"682","11.25290000000","31.92110000000",South Sudan,SSD,"0","0"
SENA,"683","-18.10810000000","34.72820000000",Mozambique,MOZ,"88803","0"
SENGA,"684","-11.31190000000","32.72210000000",Zambia,ZMB,"0","2872"
SENUFO,"685","9.25328309809","-5.60798000000",Mali,MLI,"0","0"
SERER,"686","14.02140000000","-16.04830000000",Senegal,SEN,"2374","0"
SHAIKIA,"687","17.97340000000","32.39260000000",Sudan,SDN,"0","0"
SHAMBALA,"688","-4.68555000000","38.41900000000",United Republic of Tanzania,TZA,"0","3741"
SHASHI,"689","-1.94390000000","34.47070000000",United Republic of Tanzania,TZA,"0","0"
SHAWIA,"690","35.48990000000","6.79006477623",Algeria,DZA,"0","0"
SHEBELLE,"691","5.11011358945","44.99220000000",Somalia,SOM,"0","0"
SHERBRO,"692","7.64474940622","-12.30550000000",Sierra Leone,SLE,"2685","0"
SHILA,"693","-9.45047000000","28.19400000000",Zambia,ZMB,"0","0"
SHILLUK,"694","9.90453374968","31.74810000000",South Sudan,SSD,"0","0"
SHLUH,"695","30.35750000000","-8.31197000000",Morocco,MAR,"0","0"
SHOGO,"696","-1.07029000000","11.94630000000",Gabon,GAB,"376","0"
SHUKRIA,"697","14.55760000000","35.12890000000",Sudan,SDN,"0","0"
SHUWA,"698","12.37740000000","15.27440000000",Nigeria,NGA,"0","0"
SIA,"699","11.78930000000","-4.19494000000",Mali,MLI,"0","0"
SIDI,"700","31.76210000000","0.79656532142",Algeria,DZA,"0","0"
SIHANAKA,"701","-17.39570000000","48.50980000000",Madagascar,MDG,"2461","2135"
SILA,"702","12.07620000000","21.74560000000",Chad,TCD,"0","0"
SINZA,"703","-2.73248000000","31.61000000000",Rwanda,RWA,"0","174"
SIRTICANS,"704","30.46410000000","16.51680000000",Libya,LBY,"0","0"
SIWA,"705","29.02240000000","25.81600000000",Egypt,EGY,"0","0"
SOGA,"706","0.95621329197","33.57250000000",Uganda,UGA,"0","174"
SOKO,"707","1.44963560224","23.67540000000",Democratic Republic of the Congo,COD,"2586","0"
SOKOTO,"708","12.78480000000","4.42127937769",Nigeria,NGA,"0","0"
SOLIMAN,"709","14.57430000000","15.23790000000",Chad,TCD,"0","0"
SOMBA,"710","10.47950000000","1.42440664799",Togo,TGO,"1715","0"
SOMRAI,"711","10.01410000000","17.08470000000",Chad,TCD,"766","0"
SONGE,"712","-5.40240000000","25.41560000000",Democratic Republic of the Congo,COD,"0","0"
SONGHAI,"713","15.37140000000","-0.85261700000",Niger,NER,"35","0"
SONGO,"714","-10.61190000000","17.68440000000",Angola,AGO,"7866","0"
SONGOLA,"715","-2.82383000000","26.10240000000",Democratic Republic of the Congo,COD,"0","86"
SONGOMENO,"716","-3.72696000000","22.69000000000",Democratic Republic of the Congo,COD,"0","0"
SONINKE,"717","15.16070000000","-9.47774000000",Senegal,SEN,"994","0"
SONJO,"718","-2.15509000000","35.82650000000",United Republic of Tanzania,TZA,"0","0"
SOTHO,"719","-28.97500000000","27.64790000000",South Africa,ZAF,"0","0"
SUAFA,"720","33.91700000000","6.76638645266",Algeria,DZA,"0","0"
SUBIA,"721","-17.65540000000","24.79510000000",Zimbabwe,ZWE,"0","0"
SUK,"722","1.27657571878","35.71240000000",Kenya,KEN,"0","0"
SUKU,"723","-5.91751000000","17.80890000000",Democratic Republic of the Congo,COD,"5091","0"
SUKUMA,"724","-3.10109000000","33.72650000000",United Republic of Tanzania,TZA,"2441","2348"
SUMBWA,"725","-3.62756000000","31.72790000000",United Republic of Tanzania,TZA,"0","86"
SUNDI,"726","-4.48785000000","13.99000000000",Democratic Republic of the Congo,COD,"12296","0"
SURI,"727","6.09363444192","35.29100000000",Ethiopia,ETH,"0","0"
SUSU,"728","10.26010000000","-13.15770000000",Sierra Leone,SLE,"81514","0"
SWAZI,"729","-26.56190000000","31.33780000000",Swaziland,SWZ,"0","0"
TABWA,"730","-8.29063000000","29.58140000000",Zambia,ZMB,"0","0"
TAGALI,"731","12.12150000000","31.41880000000",Sudan,SDN,"0","0"
TAJAKANT,"732","28.15660000000","-7.59488000000",Western Sahara,WSA,"0","0"
TALODI,"733","10.67320000000","30.56710000000",Sudan,SDN,"0","0"
TAMA,"734","14.31550000000","22.81520000000",Chad,TCD,"0","0"
TANALA,"735","-20.90290000000","47.67980000000",Madagascar,MDG,"6562","5690"
TANGALE,"736","9.90385745388","11.47870000000",Nigeria,NGA,"0","0"
TANNEKWE,"737","-19.29460000000","21.97670000000",Botswana,BWA,"0","0"
TASUMSA,"738","17.08410000000","-15.72660000000",Mauritania,MRT,"0","0"
TATOGA,"739","-4.68470000000","35.37770000000",United Republic of Tanzania,TZA,"0","522"
TAWANA,"740","-19.99390000000","22.77950000000",Botswana,BWA,"0","0"
TAWARA,"741","-17.19120000000","32.85730000000",Zimbabwe,ZWE,"0","0"
TAZARAWA,"742","13.92760000000","7.94356777293",Niger,NER,"0","0"
TEDA,"743","21.74380000000","16.32500000000",Libya,LBY,"0","0"
TEITA,"744","-3.34667000000","38.44870000000",Kenya,KEN,"0","348"
TEKE,"745","-2.88303000000","15.46400000000",Gabon,GAB,"65046","0"
TEKNA,"746","27.81730000000","-10.90850000000",Western Sahara,WSA,"0","0"
TEM,"747","8.94977482392","1.30682988508",Togo,TGO,"49132","0"
TEMAIN,"748","11.69610000000","29.83510000000",Sudan,SDN,"0","0"
TEMBU,"749","-31.82130000000","27.83830000000",South Africa,ZAF,"235","0"
TEMNE,"750","8.66878964034","-12.25290000000",Sierra Leone,SLE,"40795","0"
TENDA,"751","12.50950000000","-12.99600000000",Senegal,SEN,"95","0"
TERA,"752","10.53710000000","11.78270000000",Nigeria,NGA,"0","0"
TESO,"753","1.97139516293","33.93910000000",Uganda,UGA,"0","0"
TETELA,"754","-3.68273000000","24.45520000000",Democratic Republic of the Congo,COD,"1058","0"
THONGA,"755","-24.14810000000","32.02170000000",Zimbabwe,ZWE,"0","0"
TIENGA,"756","11.83060000000","3.73828589529",Nigeria,NGA,"0","0"
TIGON,"757","6.87966842512","11.00810000000",Nigeria,NGA,"0","0"
TIGRE,"758","16.30210000000","38.53670000000",Eritrea,ERI,"0","0"
TIGRINYA,"759","14.52480000000","38.31490000000",Ethiopia,ETH,"0","0"
TIKAR,"760","5.90845497013","11.72490000000",Cameroon,CMR,"1035","0"
TIV,"761","7.33061769020","9.15544608222",Nigeria,NGA,"361","0"
TLHAPING,"762","-27.69450000000","24.52740000000",South Africa,ZAF,"0","0"
TLHARU,"763","-26.93980000000","22.84960000000",South Africa,ZAF,"0","0"
TLOKWA,"764","-23.04840000000","29.13780000000",Zimbabwe,ZWE,"0","0"
TOMA,"765","8.19648702562","-9.37147000000",Liberia,LBR,"3291","0"
TONGA,"766","-16.79110000000","27.16360000000",Zimbabwe,ZWE,"0","261"
TOPOKE,"767","0.33662682497","23.96410000000",Democratic Republic of the Congo,COD,"0","0"
TOPOTHA,"768","5.25720580276","34.48710000000",Ilemi triangle,,"0","0"
TORO,"769","0.69719414272","30.60450000000",Uganda,UGA,"0","0"
TOTELA,"770","-16.34690000000","24.52960000000",Zambia,ZMB,"0","0"
TRARZA,"771","17.92580000000","-14.51520000000",Mauritania,MRT,"97","0"
TRIBU,"772","8.01738365966","0.81360269985",Togo,TGO,"0","0"
TRIPOLITANIANS,"773","32.40600000000","12.65370000000",Tunisia,TUN,"0","0"
TSIMIHETY,"774","-15.46680000000","48.84530000000",Madagascar,MDG,"3996","3465"
TUAT,"775","28.25540000000","1.14501037113",Algeria,DZA,"0","0"
TUBURI,"776","10.31030000000","15.09410000000",Chad,TCD,"0","0"
TUKULOR,"777","16.08050000000","-13.90400000000",Senegal,SEN,"0","0"
TULAMA,"778","9.59198009293","39.33540000000",Ethiopia,ETH,"0","18"
TUMBUKA,"779","-10.78660000000","33.69680000000",Zambia,ZMB,"788","11483"
TUMTUM,"780","10.95440000000","29.81110000000",Sudan,SDN,"0","0"
TUNGUR,"781","14.11930000000","25.05120000000",Sudan,SDN,"0","0"
TUNISIANS,"782","36.57990000000","9.29233888501",Tunisia,TUN,"0","0"
TURKANA,"783","3.40487110961","35.39720000000",Ilemi triangle,,"0","0"
TURU,"784","-5.14710000000","34.67640000000",United Republic of Tanzania,TZA,"0","3394"
TUSYAN,"785","10.97070000000","-4.33894000000",Burkina Faso,BFA,"0","0"
UDALAN,"786","15.63860000000","-0.86368400000",Niger,NER,"0","0"
UNGA,"787","-11.58060000000","30.19750000000",Zambia,ZMB,"0","0"
UNINHABITED (Cape Verde),"0","15.94150000000","-23.98060000000",Egypt,EGY,,
UNINHABITED (Libyan Desert),"0","25.86780000000","23.86590000000",Egypt,EGY,,
UNINHABITED (Madeira),"0","32.33640000000","-16.43430000000",Egypt,EGY,,
UNINHABITED (Mauritius),"0","-20.13100000000","57.87870000000",Egypt,EGY,,
UNINHABITED (Reunion),"0","-21.12080000000","55.54010000000",Egypt,EGY,,
UNINHABITED (Sao Tome and Principe),"0","0.44560980077","6.72677149356",Egypt,EGY,,
UNINHABITED (Seychelles),"0","-6.72258000000","51.92350000000",Egypt,EGY,,
UNINHABITED (West Saharan Desert),"0","24.92420000000","-5.37388000000",Egypt,EGY,,
UREGU,"788","33.36160000000","-3.56219000000",Morocco,MAR,"0","0"
VAGALA,"789","9.10623492091","-2.29926000000",Ghana,GHA,"0","0"
VAI,"790","6.90223321251","-11.15830000000",Sierra Leone,SLE,"1100","0"
VENDA,"791","-22.55450000000","30.20530000000",Zimbabwe,ZWE,"0","0"
VERE,"792","9.12736468268","12.57010000000",Nigeria,NGA,"0","0"
VILI,"793","-4.66064000000","12.05830000000",Gabon,GAB,"79388","0"
WABA,"794","9.98290152182","-2.21733000000",Ghana,GHA,"0","0"
WAKURA,"795","11.19130000000","13.82040000000",Nigeria,NGA,"0","0"
WALLAGA,"796","8.96338985977","35.62870000000",Ethiopia,ETH,"0","12"
WALLO,"797","11.75040000000","39.79130000000",Ethiopia,ETH,"0","10"
WANGA,"798","0.62214070540","34.54100000000",Uganda,UGA,"325","522"
WARA,"799","10.64740000000","-5.00823000000",Burkina Faso,BFA,"30","0"
WARAIN,"800","33.56630000000","-4.19075000000",Morocco,MAR,"0","0"
WARJAWA,"801","11.33630000000","9.72794264559",Nigeria,NGA,"0","0"
WIDEKUM,"802","6.02573413096","9.85516021640",Nigeria,NGA,"0","0"
WOBE,"803","7.34096554388","-7.17195000000",CÃ¯Â¿Â½te d'Ivoire,CIV,"0","0"
WOLOF,"804","15.21500000000","-16.22260000000",Senegal,SEN,"90847","0"
WUM,"805","6.55511068480","9.85721242902",Nigeria,NGA,"0","0"
WURKUM,"806","9.39228296632","11.29670000000",Nigeria,NGA,"0","0"
WUTE,"807","5.41340164263","12.39270000000",Cameroon,CMR,"282","0"
XAM,"808","-30.74890000000","22.63470000000",South Africa,ZAF,"0","0"
XOSA,"809","-32.73930000000","27.58810000000",South Africa,ZAF,"631","0"
YAHI,"810","34.16710000000","-3.14615000000",Morocco,MAR,"0","0"
YAKA,"811","-6.25624000000","17.15230000000",Democratic Republic of the Congo,COD,"3527","0"
YAKO,"812","5.72287646206","8.28226032709",Nigeria,NGA,"126","0"
YAKOMA,"813","4.30359835244","21.77800000000",Democratic Republic of the Congo,COD,"1729","0"
YALUNKA,"814","10.08690000000","-11.22580000000",Sierra Leone,SLE,"114","0"
YANGERE,"815","4.12173899373","16.27390000000",Central African Republic,CAF,"0","0"
YANZI,"816","-3.98035000000","18.10100000000",Democratic Republic of the Congo,COD,"0","0"
YAO,"817","-12.54330000000","36.41360000000",United Republic of Tanzania,TZA,"11378","171212"
YEKE,"818","-10.50360000000","27.44870000000",Democratic Republic of the Congo,COD,"0","0"
YERGUM,"819","9.24093315469","9.96792466302",Nigeria,NGA,"0","0"
YESKWA,"820","9.21803353268","8.00089011873",Nigeria,NGA,"90","0"
YOMBE,"821","-4.79305000000","12.96090000000",Democratic Republic of the Congo,COD,"8531","0"
YORUBA,"822","8.31655448919","4.11471049165",Nigeria,NGA,"665966","0"
YUNGUR,"823","9.90956828059","12.53520000000",Nigeria,NGA,"0","0"
ZAGHAWA,"824","15.65710000000","24.70570000000",Chad,TCD,"0","0"
ZARAMO,"825","-7.24679000000","38.88430000000",United Republic of Tanzania,TZA,"0","100742"
ZEKARA,"826","34.23850000000","-2.05469000000",Morocco,MAR,"0","0"
ZENEGA,"827","17.41910000000","-8.73232000000",Mauritania,MRT,"0","0"
ZERMA,"828","13.58420000000","2.72325785834",Nigeria,NGA,"0","0"
ZEZURU,"829","-18.17520000000","30.96160000000",Zimbabwe,ZWE,"0","0"
ZIBAN,"830","34.57950000000","5.70738997666",Algeria,DZA,"0","0"
ZIGULA,"831","-5.48752000000","38.16500000000",United Republic of Tanzania,TZA,"0","4959"
ZIMBA,"832","-16.81630000000","34.76870000000",Mozambique,MOZ,"0","0"
"ZUANDE, BATU (E)","833","7.33521985206","11.12810000000",Nigeria,NGA,"0","0"
ZULU,"834","-29.12320000000","30.39890000000",South Africa,ZAF,"0","0"
ZUMPER,"835","7.25505618988","10.12710000000",Nigeria,NGA,"126","0"
